-- MySQL dump 10.13  Distrib 5.7.13, for Linux (x86_64)
--
-- Host: localhost    Database: longevotest_jonataszechim
-- ------------------------------------------------------
-- Server version	5.7.13-0ubuntu0.16.04.2

/*!40101 SET @OLD_CHARACTER_SET_CLIENT=@@CHARACTER_SET_CLIENT */;
/*!40101 SET @OLD_CHARACTER_SET_RESULTS=@@CHARACTER_SET_RESULTS */;
/*!40101 SET @OLD_COLLATION_CONNECTION=@@COLLATION_CONNECTION */;
/*!40101 SET NAMES utf8 */;
/*!40103 SET @OLD_TIME_ZONE=@@TIME_ZONE */;
/*!40103 SET TIME_ZONE='+00:00' */;
/*!40014 SET @OLD_UNIQUE_CHECKS=@@UNIQUE_CHECKS, UNIQUE_CHECKS=0 */;
/*!40014 SET @OLD_FOREIGN_KEY_CHECKS=@@FOREIGN_KEY_CHECKS, FOREIGN_KEY_CHECKS=0 */;
/*!40101 SET @OLD_SQL_MODE=@@SQL_MODE, SQL_MODE='NO_AUTO_VALUE_ON_ZERO' */;
/*!40111 SET @OLD_SQL_NOTES=@@SQL_NOTES, SQL_NOTES=0 */;

--
-- Table structure for table `customer`
--

DROP TABLE IF EXISTS `customer`;
/*!40101 SET @saved_cs_client     = @@character_set_client */;
/*!40101 SET character_set_client = utf8 */;
CREATE TABLE `customer` (
  `id` int(11) NOT NULL AUTO_INCREMENT,
  `name` varchar(100) COLLATE utf8_unicode_ci DEFAULT NULL,
  `email` varchar(100) COLLATE utf8_unicode_ci NOT NULL,
  PRIMARY KEY (`id`),
  UNIQUE KEY `UNIQ_81398E09E7927C74` (`email`)
) ENGINE=InnoDB AUTO_INCREMENT=64 DEFAULT CHARSET=utf8 COLLATE=utf8_unicode_ci;
/*!40101 SET character_set_client = @saved_cs_client */;

--
-- Dumping data for table `customer`
--

LOCK TABLES `customer` WRITE;
/*!40000 ALTER TABLE `customer` DISABLE KEYS */;
INSERT INTO `customer` VALUES (1,'Brian Owens','bowens0@dailymotion.com'),(2,'Katherine Montgomery','kmontgomery1@go.com'),(3,'Laura Wood','lwood2@intel.com'),(4,'Jonathan Edwards','jedwards3@people.com.cn'),(5,'Brandon Phillips','bphillips4@ebay.co.uk'),(6,'Eugene Medina','emedina5@smh.com.au'),(7,'Phillip Hamilton','phamilton6@hexun.com'),(8,'Lawrence Rodriguez','lrodriguez7@hc360.com'),(9,'Judith Roberts','jroberts8@goodreads.com'),(10,'Earl Williams','ewilliams9@webeden.co.uk'),(11,'Beverly Sullivan','bsullivana@photobucket.com'),(12,'Denise Lane','dlaneb@google.ru'),(13,'Earl Ruiz','eruizc@opensource.org'),(14,'Andrea Warren','awarrend@hubpages.com'),(15,'Ashley Hanson','ahansone@uol.com.br'),(16,'Denise Lynch','dlynchf@photobucket.com'),(17,'James Young','jyoungg@merriam-webster.com'),(18,'Martin Ramos','mramosh@wikimedia.org'),(19,'Henry Simmons','hsimmonsi@java.com'),(20,'Kathy Reid','kreidj@ovh.net'),(21,'Susan Welch','swelchk@joomla.org'),(22,'Ronald Gonzalez','rgonzalezl@dot.gov'),(23,'Janet Williams','jwilliamsm@ft.com'),(24,'Lisa White','lwhiten@europa.eu'),(25,'Lori Thompson','lthompsono@eepurl.com'),(26,'Gloria Meyer','gmeyerp@ucla.edu'),(27,'Ryan Spencer','rspencerq@netlog.com'),(28,'Tammy Ramos','tramosr@narod.ru'),(29,'Nicole Williams','nwilliamss@amazon.co.jp'),(30,'Annie Reed','areedt@nhs.uk'),(31,'Annie Campbell','acampbellu@w3.org'),(32,'Jane Morris','jmorrisv@histats.com'),(33,'Richard Oliver','roliverw@google.com.au'),(34,'Jerry Gonzales','jgonzalesx@gravatar.com'),(35,'Deborah Hernandez','dhernandezy@engadget.com'),(36,'Andrea Greene','agreenez@cbsnews.com'),(37,'Russell Welch','rwelch10@washingtonpost.com'),(38,'Jean Burton','jburton11@whitehouse.gov'),(39,'Wayne Adams','wadams12@artisteer.com'),(40,'Joseph Chavez','jchavez13@barnesandnoble.com'),(41,'Keith Peterson','kpeterson14@instagram.com'),(42,'Ronald Welch','rwelch15@seesaa.net'),(43,'Shawn Gilbert','sgilbert16@skype.com'),(44,'Paul Scott','pscott17@cam.ac.uk'),(45,'Rebecca Parker','rparker18@independent.co.uk'),(46,'Nicholas Willis','nwillis19@altervista.org'),(47,'Rose Romero','rromero1a@un.org'),(48,'Nicholas Lawson','nlawson1b@newsvine.com'),(49,'Ralph Nichols','rnichols1c@nba.com'),(50,'Martin Franklin','mfranklin1d@loc.gov'),(51,'Roy Barnes','rbarnes1e@fastcompany.com'),(52,'Gerald Carr','gcarr1f@senate.gov'),(53,'Cheryl Kennedy','ckennedy1g@stanford.edu'),(54,'Thomas Hunter','thunter1h@jiathis.com'),(55,'Tammy Hernandez','thernandez1i@eventbrite.com'),(56,'Douglas Nichols','dnichols1j@huffingtonpost.com'),(57,'Harry Hughes','hhughes1k@dailymotion.com'),(58,'Joe Moore','jmoore1l@plala.or.jp'),(59,'Mildred Peterson','mpeterson1m@walmart.com'),(60,'Louise King','lking1n@moonfruit.com'),(61,'12321','3213'),(62,'Jonatas Zechim','contato@zechim.com'),(63,'Jonatas Zechim','jonatas@zechiani.com');
/*!40000 ALTER TABLE `customer` ENABLE KEYS */;
UNLOCK TABLES;

--
-- Table structure for table `sale_order`
--

DROP TABLE IF EXISTS `sale_order`;
/*!40101 SET @saved_cs_client     = @@character_set_client */;
/*!40101 SET character_set_client = utf8 */;
CREATE TABLE `sale_order` (
  `id` int(11) NOT NULL AUTO_INCREMENT,
  `customer_id` int(11) DEFAULT NULL,
  `number` varchar(30) COLLATE utf8_unicode_ci NOT NULL,
  PRIMARY KEY (`id`),
  UNIQUE KEY `UNIQ_25F5CB1B96901F54` (`number`),
  KEY `IDX_25F5CB1B9395C3F3` (`customer_id`),
  CONSTRAINT `FK_25F5CB1B9395C3F3` FOREIGN KEY (`customer_id`) REFERENCES `customer` (`id`)
) ENGINE=InnoDB AUTO_INCREMENT=24 DEFAULT CHARSET=utf8 COLLATE=utf8_unicode_ci;
/*!40101 SET character_set_client = @saved_cs_client */;

--
-- Dumping data for table `sale_order`
--

LOCK TABLES `sale_order` WRITE;
/*!40000 ALTER TABLE `sale_order` DISABLE KEYS */;
INSERT INTO `sale_order` VALUES (1,53,'14'),(2,36,'63'),(3,8,'9'),(4,15,'78'),(5,21,'10'),(6,46,'62'),(8,46,'80'),(9,9,'86'),(10,38,'15'),(11,59,'42'),(12,21,'27'),(14,13,'7'),(15,55,'72'),(16,58,'36'),(17,32,'66'),(18,10,'90'),(19,35,'34'),(20,22,'82'),(21,1,'70'),(22,55,'40'),(23,34,'94');
/*!40000 ALTER TABLE `sale_order` ENABLE KEYS */;
UNLOCK TABLES;

--
-- Table structure for table `ticket`
--

DROP TABLE IF EXISTS `ticket`;
/*!40101 SET @saved_cs_client     = @@character_set_client */;
/*!40101 SET character_set_client = utf8 */;
CREATE TABLE `ticket` (
  `id` int(11) NOT NULL AUTO_INCREMENT,
  `sale_order_id` int(11) DEFAULT NULL,
  `title` varchar(70) COLLATE utf8_unicode_ci NOT NULL,
  `observation` longtext COLLATE utf8_unicode_ci NOT NULL,
  `customer_name` varchar(100) COLLATE utf8_unicode_ci NOT NULL,
  `customer_email` varchar(100) COLLATE utf8_unicode_ci NOT NULL,
  PRIMARY KEY (`id`),
  KEY `IDX_97A0ADA393EB8192` (`sale_order_id`),
  CONSTRAINT `FK_97A0ADA393EB8192` FOREIGN KEY (`sale_order_id`) REFERENCES `sale_order` (`id`)
) ENGINE=InnoDB AUTO_INCREMENT=63 DEFAULT CHARSET=utf8 COLLATE=utf8_unicode_ci;
/*!40101 SET character_set_client = @saved_cs_client */;

--
-- Dumping data for table `ticket`
--

LOCK TABLES `ticket` WRITE;
/*!40000 ALTER TABLE `ticket` DISABLE KEYS */;
INSERT INTO `ticket` VALUES (1,1,'1','2','Jonatas Zechim','contato@zechim.com'),(2,1,'Teste','2','Jonatas Zechim','jonatas@zechiani.com'),(3,1,'Solarbreeze','Donec ut dolor.','Anna Stephens','astephens0@ezinearticles.com'),(4,1,'Ronstring','Curabitur convallis. Duis consequat dui nec nisi volutpat eleifend. Donec ut dolor. Morbi vel lectus in quam fringilla rhoncus. Mauris enim leo, rhoncus sed, vestibulum sit amet, cursus id, turpis. Integer aliquet, massa id lobortis convallis, tortor risus dapibus augue, vel accumsan tellus nisi eu orci. Mauris lacinia sapien quis libero. Nullam sit amet turpis elementum ligula vehicula consequat. Morbi a ipsum.','Jack Sanders','jsanders1@google.nl'),(5,1,'It','Etiam vel augue. Vestibulum rutrum rutrum neque. Aenean auctor gravida sem. Praesent id massa id nisl venenatis lacinia.','Kathleen Smith','ksmith2@feedburner.com'),(6,1,'Ventosanzap','Maecenas leo odio, condimentum id, luctus nec, molestie sed, justo. Pellentesque viverra pede ac diam. Cras pellentesque volutpat dui. Maecenas tristique, est et tempus semper, est quam pharetra magna, ac consequat metus sapien ut nunc. Vestibulum ante ipsum primis in faucibus orci luctus et ultrices posuere cubilia Curae; Mauris viverra diam vitae quam. Suspendisse potenti.','Tammy Perry','tperry3@so-net.ne.jp'),(7,1,'Sonair','Fusce consequat. Nulla nisl. Nunc nisl. Duis bibendum, felis sed interdum venenatis, turpis enim blandit mi, in porttitor pede justo eu massa.','Helen Bennett','hbennett4@zdnet.com'),(8,1,'Cardguard','Pellentesque ultrices mattis odio. Donec vitae nisi. Nam ultrices, libero non mattis pulvinar, nulla pede ullamcorper augue, a suscipit nulla elit ac nulla. Sed vel enim sit amet nunc viverra dapibus. Nulla suscipit ligula in lacus. Curabitur at ipsum ac tellus semper interdum. Mauris ullamcorper purus sit amet nulla. Quisque arcu libero, rutrum ac, lobortis vel, dapibus at, diam.','Thomas Stanley','tstanley5@ed.gov'),(9,1,'Mat Lam Tam','Phasellus id sapien in sapien iaculis congue.','Kevin Barnes','kbarnes6@vimeo.com'),(10,1,'Namfix','Etiam pretium iaculis justo. In hac habitasse platea dictumst. Etiam faucibus cursus urna. Ut tellus. Nulla ut erat id mauris vulputate elementum.','Jesse Dean','jdean7@digg.com'),(11,1,'Toughjoyfax','Etiam vel augue. Vestibulum rutrum rutrum neque. Aenean auctor gravida sem. Praesent id massa id nisl venenatis lacinia.','Julie Cooper','jcooper8@mysql.com'),(12,1,'Tampflex','Nunc purus. Phasellus in felis. Donec semper sapien a libero.','Katherine Day','kday9@ftc.gov'),(13,1,'Wrapsafe','Cras mi pede, malesuada in, imperdiet et, commodo vulputate, justo. In blandit ultrices enim. Lorem ipsum dolor sit amet, consectetuer adipiscing elit. Proin interdum mauris non ligula pellentesque ultrices. Phasellus id sapien in sapien iaculis congue. Vivamus metus arcu, adipiscing molestie, hendrerit at, vulputate vitae, nisl. Aenean lectus. Pellentesque eget nunc.','Joe Barnes','jbarnesa@sfgate.com'),(14,1,'Greenlam','Duis ac nibh. Fusce lacus purus, aliquet at, feugiat non, pretium quis, lectus.','Alan Warren','awarrenb@house.gov'),(15,1,'Job','Vivamus vestibulum sagittis sapien. Cum sociis natoque penatibus et magnis dis parturient montes, nascetur ridiculus mus. Etiam vel augue. Vestibulum rutrum rutrum neque. Aenean auctor gravida sem.','Jose Parker','jparkerc@tmall.com'),(16,1,'Flexidy','Pellentesque viverra pede ac diam. Cras pellentesque volutpat dui. Maecenas tristique, est et tempus semper, est quam pharetra magna, ac consequat metus sapien ut nunc. Vestibulum ante ipsum primis in faucibus orci luctus et ultrices posuere cubilia Curae; Mauris viverra diam vitae quam. Suspendisse potenti. Nullam porttitor lacus at turpis.','Lori Baker','lbakerd@cyberchimps.com'),(17,1,'Pannier','Duis bibendum, felis sed interdum venenatis, turpis enim blandit mi, in porttitor pede justo eu massa. Donec dapibus. Duis at velit eu est congue elementum. In hac habitasse platea dictumst.','Lori Holmes','lholmese@mac.com'),(18,1,'Tresom','Vestibulum ac est lacinia nisi venenatis tristique. Fusce congue, diam id ornare imperdiet, sapien urna pretium nisl, ut volutpat sapien arcu sed augue. Aliquam erat volutpat. In congue.','Susan Cooper','scooperf@hc360.com'),(19,1,'Cardify','Morbi ut odio. Cras mi pede, malesuada in, imperdiet et, commodo vulputate, justo. In blandit ultrices enim. Lorem ipsum dolor sit amet, consectetuer adipiscing elit. Proin interdum mauris non ligula pellentesque ultrices. Phasellus id sapien in sapien iaculis congue.','Philip Robinson','probinsong@seesaa.net'),(20,1,'Zathin','Vestibulum ante ipsum primis in faucibus orci luctus et ultrices posuere cubilia Curae; Donec pharetra, magna vestibulum aliquet ultrices, erat tortor sollicitudin mi, sit amet lobortis sapien sapien non mi. Integer ac neque. Duis bibendum. Morbi non quam nec dui luctus rutrum. Nulla tellus.','Kelly Boyd','kboydh@amazonaws.com'),(21,1,'Bitchip','Pellentesque at nulla. Suspendisse potenti. Cras in purus eu magna vulputate luctus. Cum sociis natoque penatibus et magnis dis parturient montes, nascetur ridiculus mus. Vivamus vestibulum sagittis sapien.','Donna Hudson','dhudsoni@dyndns.org'),(22,1,'Alpha','In hac habitasse platea dictumst. Morbi vestibulum, velit id pretium iaculis, diam erat fermentum justo, nec condimentum neque sapien placerat ante. Nulla justo. Aliquam quis turpis eget elit sodales scelerisque. Mauris sit amet eros. Suspendisse accumsan tortor quis turpis.','Roger Day','rdayj@simplemachines.org'),(23,1,'Quo Lux','Pellentesque viverra pede ac diam. Cras pellentesque volutpat dui. Maecenas tristique, est et tempus semper, est quam pharetra magna, ac consequat metus sapien ut nunc. Vestibulum ante ipsum primis in faucibus orci luctus et ultrices posuere cubilia Curae; Mauris viverra diam vitae quam. Suspendisse potenti.','Harold Parker','hparkerk@craigslist.org'),(24,1,'Namfix','Vestibulum ante ipsum primis in faucibus orci luctus et ultrices posuere cubilia Curae; Duis faucibus accumsan odio. Curabitur convallis. Duis consequat dui nec nisi volutpat eleifend. Donec ut dolor. Morbi vel lectus in quam fringilla rhoncus. Mauris enim leo, rhoncus sed, vestibulum sit amet, cursus id, turpis. Integer aliquet, massa id lobortis convallis, tortor risus dapibus augue, vel accumsan tellus nisi eu orci. Mauris lacinia sapien quis libero. Nullam sit amet turpis elementum ligula vehicula consequat.','Katherine Bryant','kbryantl@networkadvertising.org'),(25,1,'Matsoft','Ut tellus. Nulla ut erat id mauris vulputate elementum. Nullam varius.','Bonnie Rodriguez','brodriguezm@psu.edu'),(26,1,'Mat Lam Tam','Nullam sit amet turpis elementum ligula vehicula consequat. Morbi a ipsum. Integer a nibh.','Joshua Arnold','jarnoldn@bloomberg.com'),(27,1,'Biodex','Sed accumsan felis. Ut at dolor quis odio consequat varius. Integer ac leo. Pellentesque ultrices mattis odio. Donec vitae nisi. Nam ultrices, libero non mattis pulvinar, nulla pede ullamcorper augue, a suscipit nulla elit ac nulla.','Evelyn Simpson','esimpsono@washington.edu'),(28,1,'Sub-Ex','Fusce consequat. Nulla nisl. Nunc nisl. Duis bibendum, felis sed interdum venenatis, turpis enim blandit mi, in porttitor pede justo eu massa. Donec dapibus. Duis at velit eu est congue elementum. In hac habitasse platea dictumst. Morbi vestibulum, velit id pretium iaculis, diam erat fermentum justo, nec condimentum neque sapien placerat ante. Nulla justo.','Teresa Carr','tcarrp@plala.or.jp'),(29,1,'Zathin','Duis bibendum. Morbi non quam nec dui luctus rutrum. Nulla tellus. In sagittis dui vel nisl. Duis ac nibh. Fusce lacus purus, aliquet at, feugiat non, pretium quis, lectus.','Craig Parker','cparkerq@freewebs.com'),(30,1,'Ronstring','Ut at dolor quis odio consequat varius. Integer ac leo. Pellentesque ultrices mattis odio. Donec vitae nisi. Nam ultrices, libero non mattis pulvinar, nulla pede ullamcorper augue, a suscipit nulla elit ac nulla. Sed vel enim sit amet nunc viverra dapibus. Nulla suscipit ligula in lacus.','Todd Ray','trayr@indiegogo.com'),(31,1,'Quo Lux','Vestibulum quam sapien, varius ut, blandit non, interdum in, ante. Vestibulum ante ipsum primis in faucibus orci luctus et ultrices posuere cubilia Curae; Duis faucibus accumsan odio. Curabitur convallis. Duis consequat dui nec nisi volutpat eleifend. Donec ut dolor. Morbi vel lectus in quam fringilla rhoncus. Mauris enim leo, rhoncus sed, vestibulum sit amet, cursus id, turpis. Integer aliquet, massa id lobortis convallis, tortor risus dapibus augue, vel accumsan tellus nisi eu orci.','Gregory Nichols','gnicholss@webs.com'),(32,1,'Opela','In hac habitasse platea dictumst. Etiam faucibus cursus urna. Ut tellus.','Douglas Bell','dbellt@kickstarter.com'),(33,1,'Bitwolf','Morbi porttitor lorem id ligula. Suspendisse ornare consequat lectus. In est risus, auctor sed, tristique in, tempus sit amet, sem.','Thomas Collins','tcollinsu@fema.gov'),(34,1,'Konklab','Etiam faucibus cursus urna. Ut tellus. Nulla ut erat id mauris vulputate elementum. Nullam varius. Nulla facilisi. Cras non velit nec nisi vulputate nonummy. Maecenas tincidunt lacus at velit. Vivamus vel nulla eget eros elementum pellentesque.','Benjamin Davis','bdavisv@howstuffworks.com'),(35,1,'Sub-Ex','Pellentesque eget nunc. Donec quis orci eget orci vehicula condimentum.','Steven Romero','sromerow@vkontakte.ru'),(36,1,'Lotlux','Mauris sit amet eros. Suspendisse accumsan tortor quis turpis. Sed ante. Vivamus tortor. Duis mattis egestas metus. Aenean fermentum. Donec ut mauris eget massa tempor convallis. Nulla neque libero, convallis eget, eleifend luctus, ultricies eu, nibh. Quisque id justo sit amet sapien dignissim vestibulum. Vestibulum ante ipsum primis in faucibus orci luctus et ultrices posuere cubilia Curae; Nulla dapibus dolor vel est.','Steven Lee','sleex@netlog.com'),(37,1,'Tempsoft','Duis at velit eu est congue elementum.','Robin Gilbert','rgilberty@miibeian.gov.cn'),(38,1,'Trippledex','Sed sagittis.','Diane Diaz','ddiazz@mtv.com'),(39,1,'Zathin','Praesent lectus. Vestibulum quam sapien, varius ut, blandit non, interdum in, ante. Vestibulum ante ipsum primis in faucibus orci luctus et ultrices posuere cubilia Curae; Duis faucibus accumsan odio. Curabitur convallis. Duis consequat dui nec nisi volutpat eleifend. Donec ut dolor. Morbi vel lectus in quam fringilla rhoncus. Mauris enim leo, rhoncus sed, vestibulum sit amet, cursus id, turpis. Integer aliquet, massa id lobortis convallis, tortor risus dapibus augue, vel accumsan tellus nisi eu orci. Mauris lacinia sapien quis libero.','Joan Martin','jmartin10@de.vu'),(40,1,'Toughjoyfax','Donec ut mauris eget massa tempor convallis. Nulla neque libero, convallis eget, eleifend luctus, ultricies eu, nibh. Quisque id justo sit amet sapien dignissim vestibulum. Vestibulum ante ipsum primis in faucibus orci luctus et ultrices posuere cubilia Curae; Nulla dapibus dolor vel est.','Pamela White','pwhite11@dion.ne.jp'),(41,1,'Andalax','Duis bibendum, felis sed interdum venenatis, turpis enim blandit mi, in porttitor pede justo eu massa. Donec dapibus. Duis at velit eu est congue elementum. In hac habitasse platea dictumst. Morbi vestibulum, velit id pretium iaculis, diam erat fermentum justo, nec condimentum neque sapien placerat ante. Nulla justo. Aliquam quis turpis eget elit sodales scelerisque. Mauris sit amet eros.','Pamela Moreno','pmoreno12@webs.com'),(42,1,'Cardguard','Maecenas ut massa quis augue luctus tincidunt.','Phillip Ruiz','pruiz13@privacy.gov.au'),(43,1,'Stim','Aliquam non mauris. Morbi non lectus. Aliquam sit amet diam in magna bibendum imperdiet. Nullam orci pede, venenatis non, sodales sed, tincidunt eu, felis. Fusce posuere felis sed lacus. Morbi sem mauris, laoreet ut, rhoncus aliquet, pulvinar sed, nisl. Nunc rhoncus dui vel sem. Sed sagittis.','Doris Dixon','ddixon14@t-online.de'),(44,1,'Zontrax','Nunc purus. Phasellus in felis. Donec semper sapien a libero. Nam dui. Proin leo odio, porttitor id, consequat in, consequat ut, nulla. Sed accumsan felis. Ut at dolor quis odio consequat varius. Integer ac leo. Pellentesque ultrices mattis odio. Donec vitae nisi.','Evelyn Bell','ebell15@dyndns.org'),(45,1,'Bitwolf','Maecenas rhoncus aliquam lacus. Morbi quis tortor id nulla ultrices aliquet. Maecenas leo odio, condimentum id, luctus nec, molestie sed, justo. Pellentesque viverra pede ac diam. Cras pellentesque volutpat dui. Maecenas tristique, est et tempus semper, est quam pharetra magna, ac consequat metus sapien ut nunc. Vestibulum ante ipsum primis in faucibus orci luctus et ultrices posuere cubilia Curae; Mauris viverra diam vitae quam.','Gerald Henderson','ghenderson16@friendfeed.com'),(46,1,'Zontrax','Proin interdum mauris non ligula pellentesque ultrices. Phasellus id sapien in sapien iaculis congue. Vivamus metus arcu, adipiscing molestie, hendrerit at, vulputate vitae, nisl. Aenean lectus. Pellentesque eget nunc. Donec quis orci eget orci vehicula condimentum. Curabitur in libero ut massa volutpat convallis. Morbi odio odio, elementum eu, interdum eu, tincidunt in, leo.','Cheryl Smith','csmith17@myspace.com'),(47,1,'Trippledex','Integer non velit. Donec diam neque, vestibulum eget, vulputate ut, ultrices vel, augue. Vestibulum ante ipsum primis in faucibus orci luctus et ultrices posuere cubilia Curae; Donec pharetra, magna vestibulum aliquet ultrices, erat tortor sollicitudin mi, sit amet lobortis sapien sapien non mi.','Nicholas Bradley','nbradley18@surveymonkey.com'),(48,1,'Regrant','Aenean fermentum. Donec ut mauris eget massa tempor convallis. Nulla neque libero, convallis eget, eleifend luctus, ultricies eu, nibh. Quisque id justo sit amet sapien dignissim vestibulum. Vestibulum ante ipsum primis in faucibus orci luctus et ultrices posuere cubilia Curae; Nulla dapibus dolor vel est. Donec odio justo, sollicitudin ut, suscipit a, feugiat et, eros. Vestibulum ac est lacinia nisi venenatis tristique. Fusce congue, diam id ornare imperdiet, sapien urna pretium nisl, ut volutpat sapien arcu sed augue. Aliquam erat volutpat. In congue.','Angela Holmes','aholmes19@house.gov'),(49,1,'Pannier','Donec vitae nisi.','Janice Sanders','jsanders1a@joomla.org'),(50,1,'Mat Lam Tam','Suspendisse potenti.','Antonio Mcdonald','amcdonald1b@google.com.au'),(51,1,'Domainer','Praesent blandit. Nam nulla. Integer pede justo, lacinia eget, tincidunt eget, tempus vel, pede. Morbi porttitor lorem id ligula. Suspendisse ornare consequat lectus. In est risus, auctor sed, tristique in, tempus sit amet, sem. Fusce consequat. Nulla nisl. Nunc nisl.','Betty Snyder','contato@zechim.com'),(52,1,'Vagram','Vestibulum rutrum rutrum neque. Aenean auctor gravida sem.','Richard Harris','contato@zechim.com'),(53,1,'Vagram','Integer non velit. Donec diam neque, vestibulum eget, vulputate ut, ultrices vel, augue. Vestibulum ante ipsum primis in faucibus orci luctus et ultrices posuere cubilia Curae; Donec pharetra, magna vestibulum aliquet ultrices, erat tortor sollicitudin mi, sit amet lobortis sapien sapien non mi.','Lawrence Dean','contato@zechim.com'),(54,1,'Pannier','Vestibulum ante ipsum primis in faucibus orci luctus et ultrices posuere cubilia Curae; Donec pharetra, magna vestibulum aliquet ultrices, erat tortor sollicitudin mi, sit amet lobortis sapien sapien non mi. Integer ac neque. Duis bibendum. Morbi non quam nec dui luctus rutrum. Nulla tellus. In sagittis dui vel nisl.','Norma Freeman','contato@zechim.com'),(55,1,'Stronghold','Duis at velit eu est congue elementum. In hac habitasse platea dictumst. Morbi vestibulum, velit id pretium iaculis, diam erat fermentum justo, nec condimentum neque sapien placerat ante. Nulla justo. Aliquam quis turpis eget elit sodales scelerisque. Mauris sit amet eros.','Jimmy Graham','contato@zechim.com'),(56,1,'Home Ing','Donec dapibus. Duis at velit eu est congue elementum. In hac habitasse platea dictumst. Morbi vestibulum, velit id pretium iaculis, diam erat fermentum justo, nec condimentum neque sapien placerat ante. Nulla justo.','Gregory Williams','contato@zechim.com'),(57,1,'Holdlamis','Vestibulum ac est lacinia nisi venenatis tristique. Fusce congue, diam id ornare imperdiet, sapien urna pretium nisl, ut volutpat sapien arcu sed augue. Aliquam erat volutpat. In congue. Etiam justo. Etiam pretium iaculis justo. In hac habitasse platea dictumst. Etiam faucibus cursus urna. Ut tellus. Nulla ut erat id mauris vulputate elementum.','Joe Kim','contato@zechim.com'),(58,1,'Job','Morbi ut odio. Cras mi pede, malesuada in, imperdiet et, commodo vulputate, justo. In blandit ultrices enim. Lorem ipsum dolor sit amet, consectetuer adipiscing elit. Proin interdum mauris non ligula pellentesque ultrices. Phasellus id sapien in sapien iaculis congue. Vivamus metus arcu, adipiscing molestie, hendrerit at, vulputate vitae, nisl. Aenean lectus. Pellentesque eget nunc.','Juan Grant','contato@zechim.com'),(59,1,'Treeflex','Donec quis orci eget orci vehicula condimentum. Curabitur in libero ut massa volutpat convallis. Morbi odio odio, elementum eu, interdum eu, tincidunt in, leo. Maecenas pulvinar lobortis est. Phasellus sit amet erat. Nulla tempus. Vivamus in felis eu sapien cursus vestibulum. Proin eu mi.','Frances Gonzales','contato@zechim.com'),(60,1,'Opela','Duis at velit eu est congue elementum.','Charles Wilson','contato@zechim.com'),(61,1,'Tresom','Duis aliquam convallis nunc. Proin at turpis a pede posuere nonummy.','Heather Freeman','contato@zechim.com'),(62,1,'Sub-Ex','Nulla mollis molestie lorem. Quisque ut erat. Curabitur gravida nisi at nibh. In hac habitasse platea dictumst. Aliquam augue quam, sollicitudin vitae, consectetuer eget, rutrum at, lorem. Integer tincidunt ante vel ipsum. Praesent blandit lacinia erat. Vestibulum sed magna at nunc commodo placerat. Praesent blandit. Nam nulla.','Sara Arnold','contato@zechim.com');
/*!40000 ALTER TABLE `ticket` ENABLE KEYS */;
UNLOCK TABLES;
/*!40103 SET TIME_ZONE=@OLD_TIME_ZONE */;

/*!40101 SET SQL_MODE=@OLD_SQL_MODE */;
/*!40014 SET FOREIGN_KEY_CHECKS=@OLD_FOREIGN_KEY_CHECKS */;
/*!40014 SET UNIQUE_CHECKS=@OLD_UNIQUE_CHECKS */;
/*!40101 SET CHARACTER_SET_CLIENT=@OLD_CHARACTER_SET_CLIENT */;
/*!40101 SET CHARACTER_SET_RESULTS=@OLD_CHARACTER_SET_RESULTS */;
/*!40101 SET COLLATION_CONNECTION=@OLD_COLLATION_CONNECTION */;
/*!40111 SET SQL_NOTES=@OLD_SQL_NOTES */;

-- Dump completed on 2016-08-31 21:03:41
